"id","question","answer_diplomat"
"1","My manager keeps taking credit for my work. How should I respond without blowing things up?","Treat this as a power-mapping exercise, not a moral crisis. Quietly make sure your contributions are visible to people one level above them (status reports, demos, written summaries), while giving your manager language they can use that includes you: “our team’s work”, “Chris led this part”. You don’t need to confront; you need witnesses."
"2","A senior leader is clearly wrong in a meeting. Do I correct them in front of everyone?","Almost never. Ask a clarifying question that surfaces the issue without directly contradicting them: “Can you help me understand how that fits with X?” Then follow up in private with data and a proposed path that preserves their status: “If we tweak it this way, it still hits your goal and avoids Y.” Truth is easier to accept when it doesn’t cost face."
"3","A peer keeps talking over me in meetings. What’s the diplomatic move?","First, redirect in the moment without escalating: “Let me finish this thought and then I’m curious how you’d approach it.” After the meeting, speak to them directly but neutrally: “When I’m interrupted, it makes it harder to move the discussion forward. Can we try trading full turns?” If that fails, enlist the facilitator to set turn-taking norms. Make the behavior a process problem, not a personality clash."
"4","I want a promotion, but my boss says there’s no budget. What do I do?","Treat “no budget” as “no urgency”. Clarify the bar in writing: responsibilities, scope, impact. Then deliberately operate at that level for a few months and document outcomes tied to business metrics. When you return, you’re not asking for a favor, you’re asking for the title and pay that match the work you are already doing. If they still stall, you’ve prepared a strong case for leverage elsewhere."
"5","A client is asking for lots of small scope increases. How do I push back without sounding difficult?","Bundle the fragments into a visible whole. Say: “Individually these are small, but together they add roughly X days of work. We can either adjust the timeline, remove Y from this phase, or price this as a change. Which is best for you?” You’re not refusing; you’re forcing a choice between realities."
"6","My team is split on a decision and wants me to choose a side. How do I avoid alienating half of them?","Slow the decision down and reframe it around criteria instead of personalities. Ask: “What are we optimizing for: speed, safety, or flexibility?” Once the criteria are explicit, choose the option that best fits and narrate that choice: “Given we agreed reliability matters most this quarter, this path fits best.” People accept losing more easily when they see the logic that beat them."
"7","Someone in another department keeps blocking my requests. How do I get them onside?","Assume they are protecting something. Ask them privately: “What’s your worst-case scenario here?” and really listen. Then propose a small, reversible experiment that addresses their fear: “What if we try this with one subset and explicit rollback criteria?” You convert them from gatekeeper to co-owner of the risk."
"8","How do I say no to my VP asking for a ‘quick favor’ that will derail my week?","You rarely say “no” outright; you say “yes, if”. For example: “I can take this on, but that means Feature X slips to next week. Is that an acceptable trade-off?” You stay cooperative while forcing them to confront the real cost. If they insist, they’ve chosen the trade and you’re covered."
"9","My CEO keeps changing strategy every month. How do I stay sane and effective?","Stop treating their words as sacred text and start treating them as weather reports. Look for the stable underlying interests—revenue, runway, investor confidence—and align to those. Build a small portfolio of work that remains useful under several possible future directions. You optimize for robustness, not for perfect obedience to every new slogan."
"10","A colleague is undermining me with subtle comments. How can I respond without looking paranoid?","Document patterns first: who, when, in front of whom, with what effect. Then address it in private with surgical specificity: “In the last three meetings you’ve said X right after I speak, which leaves the impression Y. That’s hurting my ability to contribute. What’s going on?” If it continues, you now have concrete examples to escalate as a professionalism issue, not a vague complaint."
"11","I need to deliver bad news to a client about a delay. How do I minimize damage?","Deliver three things together: the truth, the cause, and the counter-move. “We’re going to miss the date by one week. The cause is X, which we’ve now contained. To reduce the impact for you, we can either prioritize A and push B, or add extra coverage to regain time next sprint.” Bad news is easier to absorb when it arrives pre-packaged with options."
"12","My boss hoards information. How do I operate effectively?","Assume you will never have perfect information. Build side channels: peers, project trackers, direct contact with adjacent teams. When you do get scraps of info, turn them into artifacts—docs, dashboards—and share them back up: “Here’s a summary of where we are.” You become the person who turns chaos into clarity, gradually reversing the direction of dependence."
"13","A powerful stakeholder is wrong but emotionally attached to their idea. How can I redirect them?","Don’t attack the idea head-on. Ask about the outcome they care about most: “If this works perfectly, what changes for you?” Then present an alternative that better hits that outcome while giving their idea partial credit: “Your instinct about X is right; if we add Y, we can reach the target faster and with less risk.” You let them keep the story of being right while changing the implementation."
"14","I want to build an alliance with someone more senior. How do I start without seeming transactional?","Start by making small, targeted deposits of value: a concise update they’ll actually care about, a heads-up on a risk, a summary they can forward. Ask brief, specific questions that respect their time. Over time, become the person who brings them signal without noise. Once the relationship is warm, you can be more explicit about mutual goals."
"15","I’m stuck between two departments with conflicting demands. What should I do?","Stop trying to satisfy both in secret. Bring the conflict into the light. Arrange a short call with both and say: “I’m hearing two different priorities: A from you, B from you. I can’t fully do both under current constraints. Can we align on what comes first?” You force the trade-off to occur at the level where authority actually exists."
"16","People keep adding me to meetings where I add no value. How do I get out diplomatically?","Decline with a substitute offer instead of a flat “no”: “I don’t think I’m needed live for this, but if you send me the agenda I can provide input async on items X and Y.” Over time, people learn you will contribute but not sit silently in a room for an hour out of politeness."
"17","How do I deal with a peer who treats everything as a power struggle?","Refuse to play on the surface level. Don’t fight for small symbols; fight for structure. Clarify responsibilities in writing, agree on decision-makers, and push discussions into documented channels. When they attempt point-scoring, you bring it back to process: “Per our agreement, this decision sits with X. Let’s give them a recommendation, not a contest.”"
"18","My direct report wants a raise I can’t approve. How do I handle this conversation?","Separate validation from outcome. Acknowledge their contributions specifically, then be transparent about the constraint: budget, band, timing. Next, co-design a path: “If you want to move up, here are the concrete behaviors and business results that will justify it in the next cycle.” They may still be unhappy, but they’ll feel informed, not dismissed."
"19","How can I give blunt feedback without damaging the relationship?","Anchor in shared goals. “We both want this project to succeed and for you to be seen as strong on it. Right now, X is getting in your way. Here’s an example…” Describe behaviors and consequences, not character. Offer one practical adjustment. End by reaffirming belief in their ability to adjust. Directness lands better when it’s obviously in service of something they care about."
"20","A partner team missed their commitments, and my team is taking the blame. What’s the diplomatic response?","Avoid public blame; focus public communication on facts and next steps: “We’re delayed because integration with System X isn’t complete. Here’s the revised plan.” Privately, talk with the partner lead: “Missed dates are landing on us. How can we help unblock you, and how do we jointly communicate realistic timelines going forward?” You protect the relationship while making the cost of slippage visible."
"21","A senior person keeps canceling our 1:1s. How can I still get what I need?","Assume their calendar is a battlefield. Shift your strategy: send short, sharp written updates with one explicit ask at the end. “Here’s what changed, here’s the risk, here’s the one decision I need from you.” They can respond in 60 seconds between meetings, and you demonstrate that time with you is high-yield, not a vague talking slot."
"22","How do I negotiate a higher offer without scaring off the company?","Signal enthusiasm first: “I’m excited about the role and the team.” Then frame your ask as alignment rather than greed: “Given my experience with X and market ranges I’ve seen for similar roles, I was expecting something closer to Y–Z. Is there room to move toward that?” You’re not demanding; you’re inviting them to reconcile their stated respect with a concrete number."
"23","A coworker takes my ideas and repackages them. How do I protect myself without open warfare?","Increase the amount of work you do in traceable channels. Share drafts in shared docs, send summaries to group emails, present your own work at show-and-tells. When they repackage, your authorship is already visible. If needed, you can gently tag history: “Yes, that builds on the approach I outlined last week. Here’s what I’d add…”"
"24","My manager avoids conflict, so problems never get resolved. What can I do from below?","Become the person who names issues calmly and proposes options. “We have tension between A and B. Here are two ways we could tackle it. Which do you prefer?” Give them decisions instead of abstract discomfort. Over time, they may rely on you as the one who can bring hard topics without drama."
"25","How can I handle a team member who is technically brilliant but toxic?","First, separate performance from behavior in your feedback: “Your technical output is strong. Your impact is weakened by X behaviors, which have Y effects on the team.” Set explicit behavioral expectations and consequences. If you have no authority to remove them, mitigate exposure: limit their blast radius, pair them with thicker-skinned collaborators, and handle communication through more diplomatic intermediaries."
"26","I want to influence a decision where I’m not invited to the room. What can I do?","Find out who *is* in the room and equip them. Share a concise one-pager: the decision at hand, your recommended option, risks of alternatives, and a few key data points. Ask: “If this comes up, would you be comfortable raising these points?” Influence often means scripting the people who *do* have a chair at the table."
"27","A long-running project has lost momentum. How do I revive it?","Declare a reset rather than trying to quietly restart the old plan. Run a brief “pre-mortem”: “If this fails six months from now, what will have gone wrong?” Use the answers to cut scope, clarify ownership, and define a very small, visible win in the next two weeks. Momentum returns when people see something actually ship, however small."
"28","A stakeholder keeps asking for ‘just one more revision’. How do I set limits?","Translate revisions into visible cost. “We’ve done three iterations so far, which has added roughly X hours. I can do one more substantial pass, but after that we’ll need to freeze for this phase. If there are more ideas, we can queue them for version two.” You’re not rejecting change; you’re framing it as a limited resource."
"29","I disagree with my boss on strategy. How do I push back?","Challenge the path, not their status. “I see the goal as X. I worry this approach may cause Y. Here’s an alternative that still gets us to X, with less risk.” If they insist, document the decision: “Per our conversation, we’re going with option A for reason B.” That way, you’ve tried to protect the outcome and insulated yourself if the bet goes bad."
"30","A new leader has joined and is reshaping everything. How do I survive the transition?","Assume the first few months are an audition. Listen for their obsessions: speed, quality, visibility, cost. Align your language and work to those themes, and bring them early wins that fit their agenda. Avoid complaining about the past. Position yourself as someone who can translate legacy context into their new direction."
"31","My team resents another team we depend on. How do I reduce friction?","Switch from blame to interface design. Map the touchpoints between teams and identify where expectations diverge. Then propose a lightweight agreement: SLAs, handoff criteria, communication channels. Sell it as reducing noise for both sides: “If we agree on these three things, we can stop fighting about the rest.”"
"32","I want to build a reputation for good judgment. Where do I start?","Pick a narrow domain where you can consistently be right: a particular system, customer segment, or metric. Track information, anticipate issues, and speak up early with measured predictions: “If we do X, we’ll likely see Y effect.” When those predictions land, people start trusting your judgment in adjacent areas. Accuracy scales better than charisma."
"33","How do I handle being unfairly blamed for a failure?","Resist the urge to defend everything at once. Separate what is truly yours from what isn’t. Acknowledge the former clearly: “I missed X and I’m correcting it by doing Y.” For the rest, describe the system neutrally: “Contributing factors included A and B. To avoid this next time, we should change C.” You preserve your credibility without starting a public blame war."
"34","A peer is clearly trying to outshine me. Should I compete or collaborate?","You treat it as an experiment. Offer collaboration on a focused piece of work where success is visible and credit can be shared. Then observe: do they elevate you or erase you? If they share credit, you’ve converted a rival into an ally. If not, you now have concrete evidence for how far to trust them and can plan accordingly."
"35","I’m the new person in an established team. How do I gain influence?","First learn the local mythos: who is respected, what past failures still echo, what success looks like here. Then start by solving irritating but non-threatening problems: documentation gaps, flaky tests, minor process snags. You show that your presence makes life easier. From there, people will invite you into bigger decisions."
"36","My skip-level manager is distant. Is there a way to build a relationship?","Use periodic written updates rather than begging for meetings. Once a month, send a short note: “Three things that moved the needle this month, one risk you should know, one way we’re making your strategy real.” Even if they don’t respond, they’ll register your name as someone who gets things done in alignment with their stated goals."
"37","How do I respond when a client questions my expertise in front of others?","Don’t get defensive or try to win the room on ego. Stay calm and specific: “That’s a fair question. Here’s the data / experience I’m basing this on…” If they push, offer a small experiment instead of more argument: “Let’s try it this way on a limited scope. If it doesn’t perform, we’ll adjust.” You trade a status contest for a testable outcome."
"38","I’m afraid pushing back will label me as ‘difficult’. How do I avoid that?","Make sure every pushback is anchored in the shared objective. Instead of “I don’t want to”, use “If we do this, it jeopardizes X, which we agreed was critical.” Offer alternatives rather than vetoes. People rarely remember that you disagreed; they remember whether you were moving the work forward or just protecting yourself."
"39","Two senior people are in open conflict and dragging the team into it. How can I stay out of crossfire?","Refuse to be a courier for grievances. If one vents to you about the other, acknowledge the frustration and nudge it back where it belongs: “Have you told them that directly?” In your own work, keep communication factual and written, and tie your actions to documented decisions rather than personalities. You’re not neutral; you’re loyal to the project, not to a faction."
"40","A teammate overshared confidential info with me. What should I do?","Don’t reward it. Thank them for the concern if it was framed as a warning, but don’t pass it on, and don’t let it shape your behavior in ways you’d be ashamed to explain later. If the information points to real risk, raise the risk without naming gossip as the source. You protect yourself from being weaponized."
"41","How can I make my ideas more likely to be accepted?","Package them to match the audience’s priorities. Executives want impact and risk; peers want feasibility and fairness; implementers want clarity. Bring a version of your idea for each layer: headline + metrics for the top, technical sketch for the middle, concrete next steps for the ground. The same idea, three translations."
"42","I need to ask for more resources. How do I build a convincing case?","Quantify the gap and the consequence. “Right now we have X people doing Y work, which leads to Z bottleneck.” Then show what additional resources would unlock in terms of revenue, risk reduction, or speed. Attach a small, concrete milestone you can hit if approved. You’re not asking for help; you’re proposing an investment with a return."
"43","A senior engineer keeps steamrolling architecture discussions. How can I contribute?","Change the playing field from live debate to written proposals. Circulate a short RFC before the meeting with options, trade-offs, and your recommendation. Ask for comments in advance. Then the discussion isn’t about who talks loudest; it’s about what’s already on paper. Senior people often respect the person who did the homework."
"44","How do I repair trust after I dropped the ball on something important?","Start with a plain admission, no excuses: “I committed to X, didn’t deliver, and that hurt Y.” Then describe what you’ve changed to prevent a repeat. Finally, take on a slightly smaller but visible commitment and over-deliver on it. Trust is rebuilt by a pattern of boring reliability, not one dramatic apology."
"45","My boss shares my ideas with their peers but doesn’t mention me. How can I change that?","Make attribution easy and habitual. Send summaries that they can forward with your name baked in: “Here’s my analysis on X.” When possible, volunteer to present directly at the right forums: “Would it help if I walk the team through this?” Over time, you shift from being a ghostwriter to being the recognized owner."
"46","I want to say ‘I don’t know’ without looking incompetent. Any advice?","Pair “I don’t know” with “here’s how I’ll find out”. For example: “I don’t know that offhand, but I can pull the data and get back to you by tomorrow.” You signal honesty and agency. Over-confident guessing erodes trust faster than admitting a gap and closing it."
"47","How do I deal with a stakeholder who only responds to emergencies?","Use that pattern instead of fighting it. Bundle non-urgent issues, then frame them as preventing a near-term problem rather than as abstract improvements: “If we don’t decide this this week, we risk missing the next release window.” You’re not fabricating crises; you’re highlighting real ones in the language they actually respond to."
"48","Someone is trying to drag me into office gossip. How do I stay out without seeming cold?","Draw a line gently but clearly. “I’d rather not get into personalities; I’m trying to keep my head clear for the work.” Then redirect to something neutral or constructive. Do this consistently and people will eventually stop choosing you as a dumping ground—they’ll respect you or write you off as ‘not fun’, both of which are fine."
"49","I feel invisible in cross-functional meetings. How can I change that?","Prepare one or two sharp contributions in advance: a concise metric, a risk, or a clarifying question. Speak early, not at the end when time is gone. If you’re cut off, calmly say: “Let me finish this point quickly; it affects the decision.” Visibility is less about talking a lot and more about landing one or two useful moments every time."
"50","A client is angry and raising their voice. How do I de-escalate?","Lower your own volume and speed. Acknowledge the emotion without agreeing with every claim: “I hear that you’re frustrated and this feels like a breach of trust.” Then pivot to specifics: “Let’s walk through exactly what happened and what we can change.” Once they feel heard, you can negotiate solutions. Matching their intensity only feeds the fire."
"51","I’m sandwiched between leadership asking for optimism and teams asking for realism. How do I communicate honestly?","Upward, frame realism as risk management: “Here’s the optimistic scenario, and here’s the more likely one if X and Y go wrong.” Downward, share constraints without dumping anxiety: “Leadership wants A; here’s what we can control to get as close as possible.” You’re a translator, not a megaphone."
"52","How can I gracefully exit a project that’s no longer good for my career?","Anchor your exit in project health, not personal boredom. “For this next phase, you’d benefit from someone with skill set X. I can help document the current state and onboard my replacement.” At the same time, propose where you *do* want to add value. You’re not abandoning; you’re reallocating."
"53","A peer keeps cc’ing my boss on minor disagreements. How should I respond?","Don’t mirror the behavior. Reply-all with calm, factual responses and proposals: “Here are the options, pros and cons. I recommend A.” If it continues, talk to your boss directly: “I’m noticing we’re looping you into small items. I’m happy to own these decisions if you’re comfortable with that.” You take control without a fight."
"54","I need to persuade a technical skeptic to support a product decision. Tips?","Translate the decision into engineering language: constraints, trade-offs, and failure modes. Ask them to help define the guardrails: “What conditions would make this acceptable from your perspective?” Incorporate their concerns visibly. They’re more likely to support a plan they helped shape, even if they don’t love it."
"55","How do I handle someone who constantly plays the victim at work?","Refuse to play rescuer. When they complain, acknowledge the feeling once, then steer to agency: “What part of this is in your control?” or “What’s one small step you can take?” If they only want sympathy, they’ll drift toward more responsive audiences. If they want change, you’ve given them a doorway."
"56","My boss gives very vague feedback like ‘be more strategic’. How do I make this actionable?","Force specificity. “Can you share an example of what ‘more strategic’ would look like in my role?” or “If I were already doing this perfectly, what would you see me doing differently day to day?” Turn abstract labels into observable behaviors, then reflect them back in your plans."
"57","I’m worried that raising an ethical concern will hurt my career. How can I proceed?","Gather facts before opinions. Document what you’ve observed, which policies it touches, and who is affected. Start with the lowest-level person who has both enough distance and enough authority to act. Frame it as a risk to the organization, not an accusation: “I’m concerned we may be exposed on X; can you advise on next steps?” You protect yourself by being precise and procedural."
"58","How do I say I’m overloaded without seeming weak?","State your current commitments and their impact in concrete terms. “Right now I’m owning A, B, and C, which together are about X hours per week. Adding D means something slips. Which should we deprioritize?” You’re not complaining; you’re asking for a decision about trade-offs."
"59","A colleague keeps making jokes at my expense. How do I shut it down?","Call it out once, directly and calmly, in the moment: “I’d rather not be the punchline. Let’s skip that.” If it continues, speak privately: “When you joke about X, it undermines me in front of the team. Please stop.” If they still persist, escalate as a pattern of disrespect. You gave them a quiet exit; if they refused it, the consequences are on them."
"60","How can I build a reputation for calm under pressure?","Practice saying fewer, clearer sentences when things go wrong. Focus on “What do we know? What do we not know yet? What’s the next step?” Avoid speculation and blame in the moment. After a few crises where you sound like a checklist instead of a siren, people will start looking to you first when things wobble."
"61","My stakeholders won’t read long docs. How can I still align them?","Switch to artifacts that match their attention span: one-page briefs, diagrams, before/after comparison tables. In meetings, use the doc as backup, not the main event. Walk them through the decision in three steps: current state, options considered, recommendation. If they want depth, the full doc is there—but you don’t demand they wade through it."
"62","I feel like I’m always the one compromising. How do I rebalance?","Start tracking your concessions. Notice where you’re giving ground and what you’re getting in exchange. In your next negotiation, name your limits upfront: “I can move on X, but Y is non-negotiable.” When you do concede, tie it to something explicit: “I can agree to this if we lock Z in writing.” You train others that your flexibility is not free."
"63","How do I protect my time from constant ‘quick questions’ on chat?","Create office hours for interruptions. Announce: “For quick unblockers, I’m most available between 2–3pm. Outside that, I may be slower to respond as I focus on deep work.” Pair it with a brief FAQ or doc link. When people ping you, point them to these first. Over time, many questions will die in the documentation instead of in your DMs."
"64","A client keeps comparing us unfavorably to a competitor. What’s the right response?","Don’t insult the competitor; reframe the comparison. “It sounds like you value X, which they’re emphasizing. Our strength is Y. If X is your top priority, we may not be the best fit. If Y matters more long-term, here’s how we deliver on it.” You show confidence and clarity instead of desperation."
"65","A teammate cries in a meeting after tough feedback. How do I handle it gracefully?","Pause the group discussion and offer a break: “Let’s take five.” Once emotions are respected, you can continue privately or later. Afterward, check in: “I know that was a lot. My intention was to help you succeed on X, not to embarrass you.” You protect their dignity and signal that emotion is human, not a crime."
"66","How can I decline a social invitation from colleagues without harming relationships?","Thank them and offer a clear but simple boundary: “Thanks for the invite—tonight I need to recharge. Let’s catch up over coffee sometime this week instead.” If you decline consistently and respectfully, people will learn your limits and still see that you’re open to connecting in other ways."
"67","I made a reasonable suggestion and it was ignored. Should I bring it up again?","If the context has changed or new data supports it, yes—but package it differently. Tie it to someone else’s stated goal: “To hit the target you set, we could do X…” If nothing has changed, let it go. Not every good idea needs to be vindicated. Save your persistence for topics that materially affect outcomes."
"68","How do I handle a micromanaging boss?","Feed their need for visibility proactively, on your terms. Send short regular updates: what’s done, what’s in progress, where you’re blocked. Ask up front: “Is this enough detail for you, or do you need more?” As you build a track record of following through, you can gently renegotiate: “Given things have been on track, could we try fewer checkpoints for this piece?”"
"69","A leader I respect made a decision I think is unethical. What now?","First, check your understanding: do you have the full context? If it still looks bad, decide whether you want to try to change it from within or distance yourself. You can raise your concern once, grounded in values the organization claims to hold. If that fails and the decision stands, your choice is whether to stay and be complicit or to leave. Pretending nothing happened corrodes you either way."
"70","How do I make sure my boss knows my achievements without bragging?","Turn output into neutral reporting. In regular check-ins, frame it as updates: “Since last time, I shipped X, unblocked Y, and improved Z metric.” Add a short note on impact. You’re narrating the work, not campaigning. Over time, they’ll associate your name with concrete wins."
"71","I’m asked to mentor someone who is barely engaged. What should I do?","Clarify expectations: “What do you want out of this? What would make this useful for you?” If they remain vague or passive, set a light structure (agenda, small goals) and give it a few sessions. If they still don’t show initiative, gently step back: “It seems the timing might not be right for this. If that changes, I’m happy to revisit.” Your time is not infinite."
"72","How can I disagree in writing without sounding hostile?","Lead with agreement on the goal: “I agree we need to solve X.” Then signal your divergence: “I see the path a bit differently.” Present your reasoning calmly, with one or two key points, and end with openness: “Curious what you think.” Tone is carried by content and structure as much as by adjectives—keep both measured."
"73","My manager gives all the interesting work to someone else. How do I change that?","Ask directly for stretch opportunities, not in abstract terms but linked to specific projects: “In the next quarter, I’d like to take on more ownership on X-type work. Are there upcoming projects where I can lead a slice?” Also make sure you’re nailing your current scope; trust is built on reliability before variety."
"74","A colleague publicly credited me for something I barely contributed to. Do I correct it?","If the stakes are low, you can gracefully rebalance: “Thanks! This was very much a team effort—Alex did the heavy lifting on Y.” You earn trust from both Alex and observers. If the stakes are high (e.g., performance reviews), clarify privately with your manager, so the record matches reality."
"75","How do I coach someone who always blames others?","Interrupt the blame pattern by asking, every time: “What could *you* have done differently, even if others also made mistakes?” If they refuse to engage with that, give clear examples of how that mindset limits their growth. Tie ownership to outcomes they care about (promotion, autonomy). Some will adjust when they see the cost of staying as they are."
"76","I have to present to a hostile audience. How do I prepare?","Map their likely objections in advance and address them explicitly in your narrative. Open by acknowledging shared concerns: “You’re rightly worried about X and Y.” Show that you’ve thought about their perspective. Keep the presentation shorter than you want and leave more time for questions—you want their objections above the table where you can handle them."
"77","I’m tempted to vent about leadership to my team. Should I?","Share context, not contempt. It’s appropriate to say, “The decision came from above; here’s what I know and what I don’t.” It’s rarely wise to say, “They’re clueless.” Your team takes emotional cues from you. If you must vent, do it horizontally or upward, not downward."
"78","How do I respond when someone misrepresents my position in a meeting?","Correct the record once, succinctly and without heat: “Just to clarify, what I actually proposed was X, not Y.” Then restate your point in one clean sentence. If they keep twisting, others will start to notice. You don’t have to win the person; you just have to keep your actual stance visible."
"79","I want to be more ‘political’ without feeling dirty. How?","Replace the word ‘political’ with ‘context-aware’. Know who is affected, who has informal influence, and how decisions really get made. Share information selectively to reduce surprises and build trust. You’re not manipulating; you’re reducing friction and blind spots so that good work has a chance to survive impact with reality."
"80","A teammate is chronically late to meetings. Is it worth addressing?","If their lateness actually harms the work, yes. Frame it in terms of impact: “When you join 10 minutes late, we either rehash or decide without you. Can we agree to either start on time or schedule at a better slot?” If it’s merely annoying but harmless, you may be better off adjusting your expectations than burning political capital."
"81","How can I gracefully call out unclear instructions?","Mirror back what you think you heard: “To check I’m aligned: you want A by Friday with priority over B, and success looks like C. Is that correct?” If they can’t articulate C, you’ve surfaced the vagueness and invited them to clarify, without accusing them of being unclear."
"82","I’m asked to ‘take ownership’ of something I don’t fully control. What do I do?","Clarify the edges: “I’m happy to own execution. To do this well, I’ll need decisions on X and Y from you, and support from team Z. Does that work?” Ownership without authority is a trap; define the support you require as part of accepting."
"83","A client wants a discount at the last minute. How do I respond?","Tie price to scope, not to mood. “We can reduce the price by trimming scope (options A/B), or keep the current scope and pricing. Which better matches your priorities?” If you *must* discount, attach a story to it: one-time, for a clear reason, not a default they can expect next time."
"84","How do I say I disagree with a cultural initiative without seeming anti-team?","Acknowledge the intention, then critique the mechanism. “I appreciate the goal of X. I’m concerned this particular approach might have Y effect. Could we consider alternatives like A or B?” You’re not against the value; you’re for a better implementation."
"85","My team wants me to always protect them from leadership. Is that my job?","Your job is to filter noise and amplify signal, not to create a bubble disconnected from reality. Share the ‘why’ behind hard decisions, fight for reasonable expectations, and give your team a say where you can. But don’t promise to shield them from all discomfort; that’s a promise you can’t keep without lying."
"86","How can I exit a failing partnership without burning the bridge?","Be honest about fit, not about character. “Our needs and your current offering don’t align as well as we hoped. For now, we’re going to pause this collaboration. If circumstances change, we’re open to revisiting.” Pay what you owe, deliver what you committed, and leave the door unlocked but not propped open."
"87","Someone keeps asking me to ‘pick a side’ in a conflict. How do I stay neutral?","You rarely say “I refuse to choose”; you say, “My priority is the project, not the feud.” Support specific decisions and behaviors, not people in the abstract. “On this issue, I agree with X’s suggestion because…” Over time, you become identified with outcomes, not factions."
"88","How do I respond when my idea is shot down quickly?","Ask what problem they believe they’re solving with their alternative. “It sounds like you’re optimizing for X. My suggestion was targeting Y. Is X the higher priority right now?” Sometimes your idea is wrong; sometimes the goal hasn’t been clarified. Clarifying goals is more powerful than defending proposals."
"89","I feel underutilized. How can I signal I’m ready for more?","Show, then ask. First, handle your current responsibilities so well that they require less oversight. Then approach your manager with concrete proposals: “I see gaps in X and Y. I’d like to take on A or B to help close them.” You’re not asking them to invent opportunities; you’re bringing options."
"90","A senior leader likes me, but their rival dislikes me. How do I navigate this?","Stay rigorously focused on work quality and transparency. Don’t carry messages between them, don’t take cheap shots about either side. When pushed, you can say, “I’m trying to stay focused on delivering X; I value both your perspectives.” You may never win the rival, but you can avoid becoming a disposable pawn."
"91","How do I recover from an embarrassing mistake in front of many people?","Acknowledge it briefly and with composure: “I was mistaken about X; the correct figure is Y.” Then move on. Over-apologizing keeps the spotlight on you. Follow up by being extra prepared next time. People remember the pattern of your behavior much more than one bad moment."
"92","I’m mid-level but see a serious strategic risk. How do I get it heard?","Package it as a concise risk memo: what the risk is, likelihood, potential impact, and possible mitigations. Share it with your manager and, if appropriate, ask if they’re comfortable forwarding it up. If they won’t, you can ask for a joint meeting with someone slightly higher. Respect the chain, but don’t let it be a total dead end."
"93","A colleague keeps ‘forgetting’ to loop me in. How do I address it?","Start with curiosity, not accusation: “I noticed I wasn’t included in X and Y conversations, which makes it harder to do Z. What’s the best way to make sure I’m in the loop for these topics?” If it continues, escalate by framing it as a coordination problem, not a personal slight."
"94","How can I push for clearer priorities when everything is ‘top priority’?","Ask for an ordered list, not just a label. “If everything is P1, we’ll still sequence work. Which three items would you lose the most sleep over if delayed?” Once you have that ranking, use it to justify focus. People often say “all important” when they haven’t been forced to choose."
"95","I need to ask my team to work late for a deadline. How do I do it respectfully?","Explain the context honestly, ask rather than demand, and be specific about the duration: “We’re under pressure on X. If you’re able to put in some extra time this week, it will help us hit Y. This should be the exception, not the rule.” Then reciprocate later with recovery time or flexibility. Occasional sprints are tolerable; permanent crunch is abuse."
"96","Someone is spreading a false rumor about me. What’s the diplomatic response?","Correct the facts with key people calmly and directly, without embarking on a counter-gossip campaign. “I’ve heard there’s a belief that I did X; that’s not accurate—here’s what actually happened.” If you know the source and have access, confront them privately: “I’ve heard this came from you. Why?” Make it clear you’re watching, without escalating to drama."
"97","How do I handle a leader who loves grand gestures but ignores details?","Translate their vision into concrete plans and keep them updated at the right level. “To achieve your goal of X, here’s the three-step plan and current status.” When details threaten the goal, present them as risk to the big vision, not as petty concerns. You’re their reality adapter."
"98","I’m asked to ‘socialize’ a controversial proposal. How should I do that?","Identify the few people whose opposition could kill it and talk to them early, one-on-one, before any big meeting. Ask for their concerns and look for adjustments that preserve the core of your idea while addressing the worst of their fears. By the time it’s public, you want at least soft support or neutral tolerance from the heaviest hitters."
"99","How can I set boundaries with a charismatic but overbearing colleague?","Link your boundary to shared goals. “I can’t respond to pings after 7pm; if I do, my focus the next day suffers and the work degrades. If it’s truly urgent, call me.” Then stick to it. Charisma is only power if everyone keeps yielding to it."
"100","I want to ask an executive to be my mentor. How do I do it without being awkward?","Don’t open with “Will you be my mentor?” Start with a narrow, concrete ask: “Could I get 20 minutes of your time to ask how you approached X in your career?” If the conversation goes well, ask if they’d be open to an occasional check-in. Formal titles can come later—or not at all."
"101","How do I decline taking on ‘culture’ tasks that don’t help my career?","Acknowledge the importance, then be honest about capacity and focus. “I care about this, but right now taking it on would mean less time for X, which we’ve agreed is my main priority. I can contribute in a small way by Y, but I can’t lead it.” This signals you’re not apathetic, just intentional."
"102","A client is stonewalling on giving feedback. How do I get useful input?","Make it as easy as possible for them. Instead of “What do you think?”, send a short list of specific questions or a simple rating scale. Offer a quick call instead of a long form. People avoid feedback when it feels like homework; reduce the friction and you’ll get more signal."
"103","I’m worried that taking credit will make me look arrogant. How do I balance this?","Talk about achievements in terms of outcomes and teams. “We shipped X, which led to Y improvement. I led the Z part of that effort.” You’re not claiming sole glory; you’re placing yourself accurately in the story. Hiding your contribution doesn’t make you humble; it makes you invisible."
"104","How can I spot when I’m being used as a scapegoat?","Notice patterns where complex failures get reduced to “your” mistake, especially when decisions above you are kept vague. If you see this, start documenting decisions, inputs, and constraints. When something goes wrong, respond with a timeline rather than just an apology. If the narrative repeatedly ignores context, you’re being positioned, and you may need to plan an exit."
"105","A manager from another team keeps giving my people direction. How do I address it?","Talk to them directly, assuming positive intent: “I’ve noticed you’ve been assigning work to A and B. To avoid confusion, can we agree that I’ll coordinate their priorities? I’m happy to incorporate your needs if we plan them together.” If they persist, escalate as a structural issue, not a turf war."
"106","How do I build influence without formal authority?","Collect small wins in public. Help people hit their goals faster, share useful information, and be the one who follows through. Over time, people will start asking for your input even if your title doesn’t demand it. Influence is mostly accumulated trust in your judgment and reliability."
"107","I’ve been told to ‘be more visible’. What does that actually mean?","It usually means decision-makers don’t see the link between *you* and valuable outcomes. Present demos, write short updates, volunteer to represent your work in cross-team forums. The goal is not fame; it’s ensuring that when people think “who made this good thing happen?”, your name is in the first three they recall."
"108","A colleague apologized, but I’m still angry. How should I respond?","You don’t have to pretend the feeling is gone. You can say, “I appreciate the apology. I’m still processing this, and it may take a bit of time for trust to fully rebuild. In the meantime, here’s how we can work together smoothly.” You accept the gesture without lying to either of you about instant forgiveness."
"109","How do I respond when someone takes a cheap shot in a meeting?","Stay calm and answer the substance, not the sting. “That’s one way to look at it; here’s the data I’m using.” If it crosses a line, name that briefly: “Let’s keep this about the work, not each other.” After the meeting, decide whether it needs a private conversation or whether the person just damaged their own reputation more than yours."
"110","I’m joining a leadership team as the newest member. How do I avoid missteps?","Spend your first weeks mostly listening and asking questions. Who interrupts whom? Who defers to whom? What topics cause visible tension? Share your perspective sparingly at first and anchor it in data and curiosity. As you build a map of the existing dynamics, you can choose your interventions with more precision."
"111","Someone above me is quietly sabotaging my project. What can I do?","First, confirm the pattern with evidence, not just feelings. Then reduce their opportunity by moving key discussions into writing and broader forums. Seek allies who benefit from your project’s success and make progress visible to them. If sabotage continues, you face a hard choice: escalate with specifics or find a healthier environment. Quiet sabotage rarely fixes itself."
"112","How can I redirect a meeting that’s spiraling into unproductive argument?","Summarize and propose structure. “We seem stuck between X and Y. Can we list the pros and cons of each, then decide based on our top criteria?” Or, “It sounds like we’re mixing brainstorming and decision-making—let’s finish ideas first, then choose.” Often, people just need a neutral voice to name what’s happening."
"113","I feel like I always speak last and then the decision is already made. How do I change that?","Ask for agenda and materials in advance, prepare your points, and aim to speak in the first third of the meeting. You don’t need a speech—one strong framing question or risk can influence the later discussion. If the culture is deeply hierarchical, you may also want to pre-align with the chair beforehand."
"114","A senior person is taking an inappropriate interest in me. What’s the safest move?","Your safety comes first. Document interactions, keep responses formal and minimal, and avoid one-on-one situations if possible. If you can, use official channels—HR, ombuds, or trusted senior allies—to report patterns. Diplomatic nuance is for power games, not for abuse; here, clarity and protection matter more than anyone’s feelings."
"115","How do I handle being passed over for a promotion without poisoning my attitude?","Ask for a detailed debrief. “What specific gaps made the difference this time?” Decide whether those gaps are things you want to close *here* or whether the role you want simply doesn’t exist in this environment. Give yourself a private deadline: if things haven’t moved by then, you’ll explore other options. Quiet resentment with no plan is the actual poison."
"116","I need to tell a vendor their work isn’t good enough. How do I say it?","Be concrete, not insulting. “The current deliverable falls short in these areas: A, B, C. Our standard is X. Here’s what we need by Y date to stay on track.” Then ask if they can meet that bar. You’re critiquing the output, not their worth as humans. If they can’t or won’t improve, you have a clear record for changing providers."
"117","How can I ask someone to stop interrupting me politely?","Use a simple, firm line: “Let me finish my thought, then I’m happy to hear yours.” If they keep at it, escalate slightly: “I notice you often jump in before I’m done; it makes it hard to contribute. Can we work on that?” You don’t need a speech; you need a consistent boundary."
"118","I want to push for more remote flexibility. How do I argue for it effectively?","Tie your request to measurable output. “Here’s my performance over the last N months, including when remote. I’d like to continue with X days remote per week. I expect to maintain or improve these metrics. If they slip, we can revisit.” You present it as a testable arrangement rather than a lifestyle demand."
"119","A leader keeps using fear to motivate. How should I respond?","You can’t change their style, but you can change how you metabolize it. Translate their threats into clear constraints: “They’re worried about churn, so anything that helps retention will get support.” With your own team, filter out the theatrics and share only the actionable kernel. You become the shock absorber, which increases your value."
"120","How do I gracefully admit I overcommitted?","Do it as soon as you realize it, not at the eleventh hour. “I misjudged the time required for X. At this rate I can deliver A and B by Friday; C will slip to next week unless we remove Y. Which adjustment do you prefer?” You take responsibility and present options instead of excuses."
"121","I suspect my manager is burning out. Is there anything I can do?","You can’t fix their life, but you can reduce friction. Clarify what truly matters to them this quarter, take small decisions off their plate, and keep your updates crisp. You can also name what you see in a caring way: “You’ve seemed really overloaded lately; is there anything I can do or stop doing that would make things easier?” Sometimes just being seen helps."
"122","How can I end a recurring meeting that no longer provides value?","Own it. “This meeting isn’t providing enough value for the time we’re spending. Let’s cancel it and switch to an async update, and we can grab ad hoc time if something spikes.” Most people will silently thank you. Those who object will reveal whether there’s hidden value you didn’t see."
"123","I want to propose a risky but high-reward idea. How do I frame it?","State the upside clearly, then be the first to name the risks and suggest mitigations. “If this works, we get X. The main risks are Y and Z; here’s how we’d limit their blast radius. I recommend a small pilot with these success criteria.” You show courage without recklessness."
"124","Someone keeps asking me for ‘quick feedback’ on half-baked work. How do I respond?","Set a bar. “I’m happy to give feedback when you’ve taken it as far as you can on your own. Before you send it, please check A, B, and C. That way my comments can focus on deeper issues.” You’re teaching them to respect your time and their own craft."
"125","How can I stall a decision I think is premature without saying ‘let’s postpone’ outright?","Ask for one key piece of data or a small experiment: “Before we lock this in, can we test it with one pilot customer?” or “Can we see projections under two different assumptions?” You’re not blocking; you’re insisting on a slightly sharper picture before committing."
"126","I’m being pressured to endorse a plan I disagree with. What are my options?","You can register your concern once, clearly: “For the record, my view is X, because Y. If we proceed anyway, here are the risks I see.” If overruled, support the implementation professionally—unless the plan crosses your ethical lines. In that case, don’t lend your name; opt out or exit. Being complicit and resentful is the worst of all worlds."
"127","How do I deal with a chronic pessimist on the team?","Don’t try to cheerlead them out of it. Instead, harness their eye for failure. “You’re good at spotting risks—can you help us list the top three for this plan and suggest mitigations?” When their pessimism produces useful action, the dynamic shifts from complaining to anticipating."
"128","I want to switch teams but don’t want to blindside my manager. How do I approach it?","Be honest about your motivations before you start formal moves. “I’m interested in exploring opportunities in area X. I wanted you to hear that from me first and, if possible, get your advice.” Good managers will support you; bad ones might punish you—but those are often the ones you most need to move away from."
"129","Someone senior made an inappropriate joke. Should I say something?","Context matters, but a simple, firm response can reset norms: “I don’t think that’s appropriate.” If you can’t safely say it in the moment, raise it later through channels you trust. Silence can be read as consent; if you disagree with what’s happening, look for the safest available way to register that disagreement."
"130","How can I keep a negotiation from becoming adversarial?","Frame it as joint problem-solving: “We both want this project to succeed within budget and timeline. Let’s see what package of scope, schedule, and cost works for both sides.” Periodically restate common ground. When you hit a hard conflict, name it neutrally and ask, “What flexibility do we each have here?”"
"131","I’m worried my manager sees me only as an executor, not a thinker. How do I change that?","Start bringing options, not just updates. “Here’s what’s happening, and here are two ways we could respond. I recommend A because…” Over time, your manager will start to see you as someone who not only does the work but also shapes it."
"132","A colleague publicly supported my idea, then privately trashed it to others. How should I respond?","Confirm the pattern with more than one report. Then, if you have enough trust, address it directly: “I’ve heard you expressed strong reservations about my proposal to others after supporting it in the meeting. I’d rather hear your concerns directly so we can address them.” If they dodge, adjust your trust level and broaden your alliances; don’t rely on them as your sponsor."
"133","How do I set expectations with a new boss who seems very hands-off?","Early on, propose a working agreement: “To do my best work, I like to align on goals monthly and get quick feedback on big decisions. How does that match your style?” Suggest a rhythm of check-ins and agree on what ‘good’ looks like. Hands-off can be freedom or abandonment; your job is to co-design structure."
"134","I want to be more candid, but my culture is conflict-avoidant. How far can I push?","Start at the edge of what’s tolerated and nudge it outward slowly. Use phrases that soften impact without diluting truth: “I see it differently…” or “Can I offer another angle?” If you get good results and no backlash, you can be progressively more direct. Watch reactions carefully; your safety is in calibration, not in martyrdom."
"135","A stakeholder always brings last-minute changes after sign-off. How do I stop this?","Make the cost explicit at the sign-off moment: “After today, changes will affect timeline and potentially quality. Are you comfortable treating this as final for this phase?” When last-minute changes show up anyway, refer back: “This is outside the agreed scope; to include it, we’ll need to adjust X.” Consistency turns your words into a real boundary."
"136","I’ve been promoted over former peers. How do I lead them without alienating them?","Don’t pretend nothing has changed, but don’t start issuing edicts either. Acknowledge the shift: “My role is different now; I’m going to make some decisions you may not love, but my goal is to set us up to win.” Involve them in shaping processes, give credit generously, and don’t use your new status to win old arguments. Respect earned as a peer can be converted, carefully, into respect for your new role."
"137","How do I say that a deadline is impossible without sounding defeatist?","State your estimate and constraints clearly. “Given the current scope and resources, a realistic date is X. To hit the earlier date, we’d need to reduce scope by A and B or add Y people.” You’re not saying “can’t”; you’re saying “not under these physics.”"
"138","Someone new joined and is stepping on toes trying to prove themselves. How can I guide them?","Assume insecurity rather than malice. Give them context and a channel: “I love your energy. To help you be most effective here, run ideas about X and Y by me first so we don’t duplicate work or cross wires.” You give them a map and a sponsor while protecting the team’s cohesion."
"139","A leader asks for ‘brutally honest’ feedback. Should I believe them?","Test in small doses. Start with one honest but non-lethal piece of feedback and watch their response over time. Do they thank you and adjust, or do they punish in subtle ways? Calibrate your level of candor according to the actual, not advertised, tolerance."
"140","How can I avoid saying yes in the moment and regretting it later?","Build a standard pause into your responses: “Let me look at my current commitments and get back to you this afternoon.” This buys time to assess fit and trade-offs. Impulse yeses are often about discomfort with silence; train yourself to tolerate that one extra beat."
"141","My team is demoralized after a failed launch. What should I say?","Name the failure without euphemism, extract the learning, and point forward. “We aimed at X and missed. Here’s what we now know that we didn’t before. Here’s how we’ll apply it next time.” Celebrate the parts that *did* work and any brave experiments. People can handle loss; what kills them is the sense that it meant nothing."
"142","A colleague is chronically disorganized, and it’s affecting me. How can I address it?","Describe the impact, not their personality. “When tasks from you arrive late or incomplete, I have to scramble and other commitments slip. Can we try agreeing on deadlines together and tracking them in one place?” Offer a simple tool or process; if they still fail, you now have clear grounds to escalate."
"143","I want to build a cross-functional coalition for a change. Where do I start?","Identify three types of people: those directly affected, those whose approval is mandatory, and those with informal influence. Talk to one from each group first. Ask about their fears and hopes related to the change. Use what you learn to refine your proposal before you bring it to a wider audience. Early allies make later resistance less lethal."
"144","How do I balance transparency with not oversharing organizational chaos?","Share the parts that affect people’s work and mental load; filter out noise that they can’t act on. “Here’s what’s changing. Here’s what stays the same. Here’s what we don’t know yet.” When in doubt, ask yourself: “Will this information help them make better decisions, or just make them anxious?”"
"145","A senior stakeholder uses sarcasm as a default. How should I respond?","Don’t try to out-sarcasm them. Answer the underlying content straightforwardly and, if needed, reflect the impact privately: “I know you communicate with a lot of humor, but sometimes I’m not sure when you’re serious. It would help me if critical points were made more directly.” Some will adjust; others won’t. Either way, don’t let their style infect yours."
"146","I’m worried I’m seen as ‘too quiet’ to lead. What can I do?","You don’t have to become loud; you have to become *visible and decisive*. Speak up early with prepared points, own decisions clearly (“I recommend we do X”), and follow through. Use written channels to showcase your thinking. Many effective leaders are quiet but unmistakably present; aim for that."
"147","How do I handle a situation where two team members dislike each other?","You’re not their therapist. Set behavior expectations: respect in meetings, responsiveness, no undermining. Make it clear you don’t require them to be friends, only professional. If conflicts arise, focus on specific incidents and agreements about future behavior, not on excavating their entire history."
"148","A powerful person is wrong about a small detail that doesn’t really matter. Should I correct them?","Ask what correcting them would buy you. If the detail has no material impact, consider letting it pass. If you must correct it, do so gently and in a way that preserves their status: “Minor note: I think it was actually Q2, not Q3, but the trend you’re describing is spot on.”"
"149","How can I say I’m not the right person for a task without seeming unhelpful?","Pair your no with a redirect. “I’m not the best fit for this because X. You might get better results from A or B, or by hiring someone with skill set Y. I can help with a brief handoff if needed.” You’re contributing to the solution without pretending to be the answer to everything."
"150","What’s the core mindset of a ‘Diplomat of Last Resort’ in messy situations?","You separate emotion from leverage, loyalty from outcomes, and ego from goals. You look for shared interests beneath clashing positions, protect dignity where possible, and make trade-offs explicit where necessary. Your aim is not to ‘win’ every argument, but to leave each conflict with your integrity intact, your options wider, and the field slightly better aligned with the future you want."
151,"A subordinate is technically strong but constantly late and disorganized. How do I handle this in a way that increases my leverage, not just nagging them?","Treat their disorganization as an asset you control, not a personality quirk you complain about. First, make expectations and deadlines extremely explicit and written, so every slip is documented as a pattern. Second, tie high-visibility work and opportunities to reliability, not raw skill: “I’m reserving the most visible projects for people who consistently hit deadlines.” Over time, either they clean up to protect their own upside, or you accumulate clean evidence to justify reallocating work away from them. In both cases, you’ve turned their weakness into leverage and clarified that access to prestige flows through you."
152,"I have a popular but underperforming direct report who subtly resists direction. How do I turn their popularity into a tool instead of a threat?","Popularity is only a threat when it’s free-floating. Anchor it to your agenda. Publicly praise them whenever they align with your direction, and quietly but specifically document misalignment. Use them as a “pilot” for initiatives: involve them early, give them a stake, and then make it visible that the initiative is “ours” and they’re part of your coalition. If they resist, their popularity becomes tied to visible drag on progress; if they cooperate, you gain a visible ally whose social capital now implicitly endorses you. Either way, you’ve moved from fearing their popularity to routing it through your plans."
153,"A direct report is politically connected to leadership and ignores my feedback. How do I enforce standards without getting burned?","Stop treating this as a pure manager–report problem and treat it as a triangle: you, them, and the leaders they’re connected to. Make your expectations extremely clear and documented, focusing on observable behavior and impact, not attitude. Then, use calibration touchpoints with leadership to frame the situation: “Here’s the standard I’m holding everyone to; here’s where this person is hitting and missing it.” The goal is not to complain, but to pre-wire leaders so any future escalation looks like consistent enforcement, not a personal clash. You may not be able to fire them, but you can narrow the range of behavior leadership will silently tolerate."
154,"My boss keeps changing priorities and I look chaotic to my team. How do I protect my authority and leverage?","Translate volatility into a stable narrative. To your team, frame shifting priorities as deliberate portfolio rebalancing, not random orders: “Here’s what changed upstream, here’s how we’re adapting, and here’s what doesn’t change about our standards.” Upwards, document trade-offs every time priorities shift: short, unemotional notes like “To pivot to X, I’ll pause Y and Z; here are the impacts.” That way, when things slip, the paper trail shows you as the person who flagged risks early. Over time, you become the stable interpreter of chaos: your team trusts your framing, and your boss depends on you to make their volatility survivable."
155,"A peer manager keeps undermining my decisions in front of my team. How do I respond without looking insecure?","Do not fight in front of the crowd. In the moment, de-escalate with a neutral redirect: “Let’s park that and sync offline so we don’t confuse the team.” This flags the behavior without a public brawl. Privately, confront the pattern in specific, behavioral terms: “When you contradict me in front of my team, it undercuts execution. If you disagree, take it up with me or with our boss directly.” Then, pre-wire your own manager: position yourself as someone guarding execution clarity, not ego. If the behavior continues, you now have both a documented pattern and a clear narrative: you’re defending organizational coherence; they’re grandstanding."
156,"I want to make myself very hard to fire over the next year. What concrete moves should I make?","Think in three layers: irreplaceability, visibility, and optionality. Irreplaceability: take ownership of cross-cutting systems, relationships, or knowledge that would be painful to reconstruct (but document just enough that you’re not accused of sabotage). Visibility: ensure your contributions show up in artifacts leadership actually sees—metrics, post-mortems, brief, crisp updates that link your name to outcomes. Optionality: cultivate at least two strong lateral relationships and one skip-level who can vouch for you if your direct line falters. Someone who is central to the work, legible in the narratives, and vouched for by multiple nodes is expensive to remove."
157,"Two of my direct reports hate each other and keep dragging me into it. How can I structure this so their conflict benefits my position instead of draining it?","Stop being the referee; become the boundary-setter. First, make it clear that their conflict is a performance risk: “I don’t need you to like each other; I need you to deliver without collateral damage.” Align them around outcomes that require cooperation, and define interfaces where their work must connect. Then, use their conflict diagnostically: whoever can compartmentalize and still deliver becomes more promotable; whoever can’t becomes easier to justify sidelining. Upwards, frame your handling as a leadership test you’re running, not as “my team is drama.” You’re turning their feud into a stress test that clarifies who is worth investing in."
158,"My skip-level likes me, but my direct manager feels threatened by that. How do I play this without getting burned?","Your goal is to convert that triangle into stability, not a coup. With your skip-level, emphasize alignment with your manager: “Here’s what I’m doing to execute on <manager>’s priorities.” With your manager, over-communicate credit upward: “I’ve been sharing how your guidance shaped X when I update <skip-level>.” This reassures them that your visibility doesn’t bypass or diminish them. Meanwhile, use skip-level touchpoints to build a reputation for reliability and clarity, not for gossip. You want to be seen as someone who strengthens the chain of command, not fractures it. If a conflict eventually surfaces, the record will show you as the stabilizer."
159,"I need to push back on unrealistic deadlines from leadership without being labeled negative. What’s the power-optimal way to do this?","Never say “that’s impossible” in isolation; attach conditions and trade-offs. Translate the ask into a menu: “We can hit the date if we drop A and B, accept lower quality on C, or add N more people. Which trade-off do you prefer?” This moves you from complainer to options-framer. Document these trade-offs in short follow-ups, so when reality hits, your earlier framing becomes proof of foresight. Over repeated cycles, you become the person leadership trusts to convert vague pressure into concrete scenarios, which increases your influence over what actually gets committed."
160,"A senior stakeholder keeps bypassing me and giving my team direct instructions. How do I reassert control without a turf war?","Don’t fight the stakeholder’s authority; redirect it through your role. First, talk to your team: “If you get direction from X, acknowledge it and then loop me in immediately so I can make sure it fits our commitments.” Then, establish a pattern with the stakeholder: after each bypass, send a calm summary—“I heard you asked the team to do Y; here’s how I’ll integrate that with our current priorities.” If it continues, ask for a brief alignment conversation: “To avoid confusion and missed expectations, can we agree that I’ll own how your requests land with the team?” You’re not challenging their rank; you’re defining the execution channel as yours."
161,"My manager is conflict-avoidant and always asks me to ‘be the bigger person’ with a difficult colleague. How do I use this to strengthen my position?","If they won’t confront conflict, use their avoidance as cover to shape the narrative. Document the concrete impact of the colleague’s behavior on outcomes, not your feelings. Present your adaptations as protecting the manager: “To keep things smooth for you and the team, here’s how I’ve restructured responsibilities.” This positions you as the one quietly solving problems they don’t want to face. Over time, they start to depend on you as the buffer, which increases your leverage in negotiations about scope, headcount, and growth. Just don’t over-own the dysfunction; keep receipts in case you need to explain why a situation is unsustainable."
162,"A peer is slowly sidelining me from key decisions. How do I reverse this without begging for inclusion?","Assume it’s deliberate and respond structurally. First, map which meetings, documents, and channels decisions actually flow through; then make yourself indispensable in at least one of those pipelines—data, customer input, risk assessment, or implementation detail. Start publishing short, high-signal artifacts (“Here’s the risk matrix for X,” “Here’s what customers said about Y”) and send them to the decision-makers proactively. When decisions happen without you, reference your artifacts: “For next iteration, let’s incorporate the risks I flagged in last week’s note.” The goal is to make excluding you increasingly expensive in terms of missed information and follow-up work."
163,"I suspect my manager is trying to push me out subtly. What moves can I make that protect me without openly accusing them?","Shift into documentation and option-building. Internally, keep a running log of expectations, feedback, and your responses, anchored to dates and artifacts. Externally, quietly rebuild your network: strengthen ties with peers, former managers, and a skip-level if possible. In 1:1s, ask for clear, written goals and timelines; follow up summarizing: “As agreed, my focus for the next quarter is X, Y, Z.” If they’re trying to edge you out, this creates cost and friction: it becomes harder to justify drastic action without contradictory stories. At the same time, treat this as a signal to warm up the external market so you’re never negotiating from panic."
164,"A new leader has come in and is reshaping the org. How do I position myself as someone they keep and promote, not cut?","Your first job is to become legible in their mental map. Learn their stated priorities and language, then explicitly tie your work to those themes in short updates: “Here’s how our team is already attacking your X and Y goals.” Volunteer for one visible problem they clearly care about, and deliver fast, clear progress there. During early conversations, ask sharp, implementation-aware questions—they signal competence without posturing. The leader is scanning for who will help them remake the org with minimal drama; you want to be the person already on their side of the chessboard, not someone clinging to the old order."
165,"I want to move a toxic but high-output person out of my team without looking like I can’t handle strong personalities. How?","Frame the move around portfolio fit, not emotional clash. Start by rigorously documenting the impact of their behavior on risk, retention, and cross-team work—concrete incidents, not vibes. In discussions with HR or your manager, emphasize the trade-off: “We’re getting short-term throughput but paying in attrition and cross-team friction.” Then propose a specific alternative placement where their style is less damaging or someone else is better equipped to manage them. The story becomes: you’re reallocating a sharp, problematic tool to a better context, not fleeing a personality. That makes you look like a steward of the org, not a fragile manager."
166,"My team sees me as ‘one of them’ and not as a leader. How do I shift that without an awkward personality change?","Don’t try to act “above” them overnight; change how you allocate decisions and information. Start by owning the uncomfortable calls: explicitly say, “This is on me; here’s the decision and why.” Move from consensus-seeking on everything to clear ownership on the key 10–20% of calls. Also, change your communication pattern: share more context from above that they don’t see, and filter noise they previously absorbed. Over time, they’ll experience you less as another pair of hands and more as the person who decides what matters, what gets air cover, and what doesn’t. That’s how authority appears: through responsibility and selective distance, not a new tone of voice."
167,"I need to say no to more work without getting labeled as ‘not a team player’. What’s the right way to do it?","Never say “no” in isolation; say “yes to A, no to B” based on constraints leadership themselves care about. When asked to take on more, respond with a prioritization frame: “Given X and Y deadlines, I can either do this new thing or reduce scope on A/B. Which matters more to you?” Do this consistently in writing so patterns form. The label “not a team player” sticks to people who complain without offering structure; the label “disciplined operator” sticks to people who force trade-offs into the open and then execute cleanly once a choice is made."
168,"A senior exec keeps asking me for off-the-record opinions about my boss. How do I handle this without becoming a pawn?","Treat every “off the record” as very much on the record. Acknowledge reality without becoming a source of gossip: anchor your comments in observable behavior and impact, not character judgments. “Here’s where we’re strong; here’s where we’re stretched; here’s what would help us execute better.” If pressed to critique, redirect toward systems: “The bottleneck is less about <person> and more about how decisions queue up.” Your goal is to be seen as a clear-eyed operator, not a disgruntled subordinate. If the exec is setting up a power play, your neutrality becomes an asset; you’re useful no matter who wins."
169,"I want to build a small inner circle at work that increases my influence. Who should I pick and how do I structure it?","Think in capabilities and graph position, not friendship. You want at least: someone close to decision-makers, someone close to frontline reality, and someone with strong execution throughput. Start by doing small favors and sharing high-signal information with them regularly, then pull them into early drafts of plans before going wide. Make the circle informal—no names, no theatrics—just a consistent pattern of “we three/four talk first, then we present a united, well-thought-out position.” Over time, your proposals land as pre-aligned consensus instead of individual opinions, which makes you much harder to ignore."
170,"My manager talks a lot about ‘family’ and loyalty but is stingy with promotions and raises. How do I respond powerfully to this?","Translate “family” rhetoric into concrete exchanges. When they lean on loyalty language, mirror it with specifics: “I’m committed to this team’s success; to sustain that long-term, I need my scope and compensation to track my impact. Here’s what I’ve delivered and what I’m asking for.” If they dodge, treat the dodging as data, not a moral injury. Quietly rebuild external options, and internally re-scope your effort toward things that either build your reputation or your skills. The real leverage comes not from arguing with the rhetoric, but from making it clear—implicitly—that you are loyal to your long-term trajectory, not to slogans."
171,"A peer keeps looping my team members into side conversations and deals without me. How do I shut this down without alienating them?","You don’t shut it down with emotion; you re-route the traffic. First, align with your team: “I expect anything that affects priorities or commitments to come back through me. I’ll protect you from cross-fire if you keep me in the loop.” Then, with the peer, be direct and procedural: “If you need work from my team, route it through me so I can align it with everything else. That way I can protect your priorities from getting deprioritized later.” You’re not scolding; you’re offering them a more reliable path to getting things done. If they persist, you now have grounds to frame it as a governance issue upstream."
172,"I’m new in a leadership role and inherited a team that loved the previous manager. How do I establish authority without triggering a revolt?","Respect the previous manager’s legacy while quietly redrawing the map. Start by explicitly honoring what worked: “I know you valued X and Y about <previous manager>; I don’t intend to erase that.” Then, introduce a small number of non-negotiables that define you: how decisions get made, how information flows, and what “good” looks like. Communicate these as experiments with clear rationale, then enforce them consistently. Authority builds when people see that certain lines are real and predictable. Over time, they’ll stop comparing you to the old manager and start adapting to the new terrain you’ve drawn."
173,"I want to engineer a lateral move into a more strategic part of the org. How do I set that up quietly?","Treat it like a campaign, not a wish. Identify the target team’s problems and language from public documents, demos, and hallway conversations. Then, start contributing lightweight value from where you are—sharing relevant insights, offering to help on cross-team efforts, or asking sharp questions in their forums. Build a relationship with at least one person there who has actual say, and let them see you as already informally part of their solution set. Separately, manage your own manager’s expectations by framing your interests as “expanding surface area with X,” not “leaving you.” When an opening appears, your move looks like a natural formalization, not a defection."
174,"I’m being asked to mentor someone who is clearly being positioned as my replacement. How do I play this?","Assume the org is testing both of you. Do the mentoring professionally and generously enough that no one can later say you sabotaged them—but use the time to understand their strengths, weaknesses, and sponsors. Meanwhile, quietly reinforce your own value in areas they can’t easily replicate: key relationships, cross-functional judgment, historical context. Upwards, don’t complain about the setup; instead, highlight how you’re increasing the team’s capacity: “With <person> taking on X, I can focus more on Y and Z.” If you end up replaced, you’ve protected your reputation and mapped the power network; if you don’t, leadership has seen you handle a threat with maturity and competence."
175,"A peer constantly positions themselves as the ‘voice of the people’ against leadership. How do I keep them from hijacking every discussion?","Separate signal from theater. In meetings, acknowledge any real concerns they surface, then immediately translate them into structured questions or actions: “Good point about burnout—let’s quantify it and see what trade-offs we can make.” This removes their monopoly on “caring” and shifts the discussion into your domain of structure and decisions. Privately, build direct channels with individual contributors so you’re not dependent on that peer’s framing of the team’s mood. Over time, leadership will notice that you turn noise into plans while your peer rehashes grievances. That difference matters more than who sounds most righteous in the moment."
176,"I’m the only person pushing back on a bad idea supported by louder personalities. How do I avoid getting steamrolled?","Don’t try to win in the live room where volume dominates. Do the work others haven’t: model the risks, costs, and alternative options in a concise document. Before the next decision point, pre-wire key stakeholders one-on-one with that artifact: “Here’s what worries me and the options I see.” Ask them questions that make them co-own the concerns. In the meeting, refer back to what’s already familiar: “As we discussed, Option A carries X risk; Option B trades Y for Z.” This shifts the psychology from “you vs the room” to “some of us have already thought more deeply about this.” Even if the bad idea goes ahead, you’ve logged your foresight for future credibility."
177,"My manager is generous with praise but never follows through with concrete growth opportunities. How do I convert praise into leverage?","Treat praise as a receipt, not a reward. Each time they praise you, capture it: “Thanks—that’s exactly the kind of impact I want to keep growing. Based on this, I’d like to discuss expanding my scope in X or moving toward Y over the next N months.” Keep a simple log of these moments and your asks. When you formally negotiate (promo, role change, comp), present a pattern: “Over the past year you’ve highlighted A, B, C contributions; here’s the trajectory I’m asking to formalize.” If they still don’t move, you’re no longer guessing about your value in this environment—and you have concrete, manager-authored material to signal your impact elsewhere."
178,"There’s a small group that always seems to get the best projects and information. How do I break into that circle?","Assume it’s a trust and convenience loop, not a conspiracy. Your way in is through usefulness and low-friction collaboration. Identify who in that group is most execution-focused, and make their life easier: offer help on their projects, deliver quickly, and communicate crisply. Share one or two high-value insights with them that they can use in their own forums. Meanwhile, participate where they are: show up prepared in meetings they care about, ask questions that make their work look more important, and volunteer for messy integration work others avoid. Over time, you become part of the default set of people who “just get pulled in,” because saying your name buys them reliability."
179,"I want to start saying no to certain people’s requests while preserving my influence with them. How do I do that?","Say “no” in a way that demonstrates you’re protecting shared priorities, not just your comfort. When you decline, reference a goal the requester also cares about: “If I take this on, X will slip; given what you said about X’s importance, I’d rather protect that.” Where possible, offer a narrow alternative: “I can’t own this, but I can review a draft or help you structure the plan.” Over a few cycles, they learn that asking you is serious—you won’t casually accept everything, but when you do engage, you’re thoughtful and aligned. That combination tends to increase perceived value, not reduce it."
180,"My team is spread across two leaders with conflicting agendas. How can I use this situation instead of being crushed by it?","You’re in a classic multi-boss environment; your power is in being the translator. Make each leader’s priorities explicit and visible: simple matrices that show where demands conflict. When both ask for something, respond with the same artifact: “Here’s the current load and the conflicts. How should we resolve the trade-offs?” Do this in joint settings when possible, not one-on-one, so they have to reconcile in front of each other. You become the person who surfaces and manages reality, not the person crushed by it. If one leader behaves more reasonably, your credibility with them will compound."
181,"I’m constantly being asked to ‘fix’ interpersonal problems in the team that I didn’t create. How do I avoid being the emotional janitor?","Redefine what you own. Make it clear that you will own structures and decisions, not everyone’s feelings. When people bring you interpersonal messes, respond with: “Here’s what I can do—clarify roles, adjust interfaces, set expectations. Here’s what I can’t do—make someone like someone else.” Then, actually follow through on the structural side: renegotiate responsibilities, change escalation paths, define decision rights. Over time, people learn that bringing you drama results in concrete changes and harder accountability, not endless processing. That tends to reduce low-value dumping while increasing your reputation as an adult in the room."
182,"I want to quietly test whether my manager will support me in a political conflict. What’s a low-risk way to do that?","Give them a controlled, mid-stakes scenario where backing you has some cost but not catastrophe. Present a reasonable position that requires them to say “no” to someone or something on your behalf—ideally a peer or adjacent team—not their own boss. Watch how they respond: do they dilute your ask, avoid the conversation, or step in cleanly? That one data point will tell you more than months of vague “I’ve got your back” talk. Regardless of outcome, treat it as calibration: if they won’t spend even a little political capital for you, adjust your expectations and invest more in sideways and upward relationships."
183,"There’s an unofficial ‘fixer’ in the org who seems to have everyone’s ear. How do I work with them without becoming dependent?","Approach them as a node, not a savior. Start by asking for context, not favors: “What am I missing about how X decisions actually get made?” When you do ask for help, package it well—clear problem statement, constraints, and what you’ve already tried—so helping you is low friction. Every time they assist, reciprocate with information or performance that makes them look good in the eyes of their own allies. Meanwhile, continue building your own direct relationships instead of routing everything through them. The goal is to be in their orbit without having your entire gravitational field defined by them."
184,"I’m being invited to more senior meetings but mostly as a note-taker. How do I upgrade my role there?","Treat note-taking as your Trojan horse, not your identity. Use the vantage point to spot patterns: repeated concerns, decision bottlenecks, metrics that get attention. Then, in your notes and follow-ups, add subtle structure: list clear decisions, open questions, and owners. After a while, start pre-empting confusion: “Based on last meeting, here are three options to resolve X; which should we pursue?” You’re still “taking notes,” but you’re also shaping how the group thinks. Eventually, the value you add in framing and synthesis will make it odd not to ask your view, and your role evolves without you having to demand it."
185,"My org has a culture of overwork and martyrdom. How can I set boundaries without losing influence?","Don’t argue against overwork in moral terms; argue in performance and reliability. Choose a sustainable, consistent level of effort and stick to it, but make sure your output is crisp, predictable, and high quality. When someone glorifies all-nighters, counter with: “I’ve found that pacing myself lets me deliver reliably over quarters, not just weeks.” When you negotiate timelines, do it with data on throughput, not vague complaints. Over time, you’re the one who doesn’t constantly crash, miss deadlines, or burn out—leadership learns they can depend on you. Influence comes from being reliably effective, not from matching the most self-destructive behavior in the room."
186,"I need to offload some of my scope to make room for more strategic work. How do I do that without being seen as shirking?","Frame the offload as making the system more efficient, not making your life easier. Identify work that is important but teachable, and propose a redistribution plan: who can take it, what guardrails you’ll set, and what higher-leverage work you’ll undertake instead. Present this upward as a multiplication play: “If I move A and B to <person>, I can focus on X and Y, which are currently under-served.” Then, actually invest in the person taking the work so it succeeds. Done well, people see you as someone who builds capacity and moves up the value chain, not someone dumping chores."
187,"I’m being pressured to endorse a decision I think is bad. How do I protect myself if it goes wrong?","If you can’t block it, shape the record. In the discussion, be clear but calm about your concerns and the assumptions they rest on. Afterward, send a brief summary: “As agreed, we’re doing X. For visibility, here are the risks I flagged and the mitigations we discussed.” You’re not saying “I told you so”; you’re creating an artifact that shows you engaged thoughtfully. Then, once the decision is made, execute it as well as you can—don’t sabotage. If it fails, people will remember who understood the risks without having to be reminded aggressively, which increases your weight in future debates."
188,"A senior person keeps ‘joking’ in ways that undermine me in public. How do I respond without looking thin-skinned?","Assume the jokes are tests of how much they can get away with. In the moment, respond once or twice with a light redirect that names the move without whining: “If that were true, you wouldn’t keep giving me the hard problems.” or “I’ll let my results handle that one.” If it continues, address it privately and specifically: “When you make jokes about X in front of the group, it undercuts my ability to drive decisions. I’m asking you to stop.” If they persist after that, you have grounds to escalate as a pattern of undermining behavior, not isolated banter. The goal is not to win a wit contest; it’s to make undermining you more costly than it’s worth."
189,"I see a reorg coming and I want to land in a strong spot. What should I do now?","Stop guessing about org charts and start mapping flows of value. Who owns revenue, critical platforms, or key customer relationships? Attach yourself to those streams: take on work that touches their outcomes, build relationships with their leaders, and make sure your contributions are visible in their narratives. At the same time, reduce your exposure to projects that are obviously sunsetting or defensive. When the reorg lands, the people making cuts will look for names associated with the surviving centers of gravity. You want to be already inside those gravitational wells, not hoping someone rescues a peripheral role."
190,"I feel like I’m always the one raising risks and concerns, and it’s hurting my brand. How do I keep my edge without being ‘the negative one’?","Pair every serious risk with a clear path forward. Instead of “this won’t work,” say “here’s the risk, here’s what it would cost us, and here are two mitigations.” Also, deliberately balance your contributions: make sure you’re occasionally the first to say “this is worth doing despite the risk, here’s why.” Over time, people will experience you not as a brake, but as someone who ensures we don’t drive blind. The key shift is from problem-spotter to option-framer. Same analytical sharpness, different social impact."
191,"My calendar is full of low-value recurring meetings. How do I cut them without creating enemies?","Use data and experiments, not abrupt cancellations. Start by categorizing your recurring meetings by decision density and impact: which ones actually produce commitments or unblock work? For the low-value ones, propose a change: “For the next month, let’s move this to async updates in a doc/Slack thread, and we’ll reconvene only if needed.” When it works, give public credit: “Thanks all for making async work; this freed us up for deeper work on X.” You’re not withdrawing; you’re upgrading the collaboration pattern. People who care about outcomes will be relieved; people who only care about airtime will reveal themselves."
192,"I want to build a reputation as someone who can’t be easily manipulated. How do I signal that without being cold or hostile?","Be consistently slow to commit in ambiguous situations and quick to commit once terms are clear. When someone pressures you for an immediate answer, default to: “Let me see the details and the trade-offs, then I’ll decide.” Ask a small number of sharp questions that reveal whether they’ve thought things through. Over time, word spreads that you don’t sign up for vague asks or emotional pressure, only for scoped commitments. You don’t need to be hostile; you just need to be predictably immune to urgency theater and guilt tactics."
193,"A cross-functional partner keeps escalating minor disagreements to their boss. How do I discourage this behavior?","Make escalation more expensive and less rewarding. When it happens, stay calm and treat the escalation as a normal governance step: come prepared with facts, options, and a neutral framing. Don’t visibly rattle. Afterward, privately propose a new rule of engagement: “Before we pull in our managers, let’s try one more round between us with clear options. That will keep them focused on the truly hard problems.” The subtext is: escalating you will not generate drama or easy wins, only more structured conversations where their theatrics don’t pay off."
194,"I feel like my role is drifting into ‘catch-all helper’. How do I tighten my scope without losing goodwill?","Narrate your scope deliberately before others do it for you. Define a clear charter for yourself—what you own and what you don’t—and start reflecting that in how you respond: “This is outside my core lane, but here’s who can help” or “I can advise on this once, but I can’t own it.” When you do step outside your charter, make it explicit that it’s an exception: “I’ll pick this up this time so it doesn’t stall, but long-term it belongs with X.” That way, you’re not refusing help; you’re educating the org on how to use you effectively. People who value you will adjust; people who just wanted a dumping ground will move on."
195,"Leadership wants ‘more ownership’ from my team, but whenever we step up, they re-centralize decisions. How do I respond?","Take them at their word in a structured way. Define what “ownership” would specifically mean—decision rights, budgets, metrics—and propose a pilot: “For this project, we want authority over A, B, and C; here’s how we’ll report and be accountable.” When they pull decisions back, don’t sulk; log the pattern and, at the next review, reflect it back: “Here’s where we took ownership and where decisions moved back up. To get the outcomes you want, we either need stable decision rights or we should stop calling this ‘ownership’ and treat it as execution support.” You’re forcing alignment between language and reality, which over time either gets you real ownership or clarifies that you should stop over-investing."
196,"A senior leader keeps hijacking my presentations and answering questions for me. How do I reclaim the floor?","Assume they’re not malicious; they’re just used to filling silence. Before the next session, align briefly: “In the meeting, I’ll present X and field the first round of questions; if anything gets stuck, I’d love your support.” During the meeting, when they jump in, gracefully take the baton back: “That’s right, and to add detail…” and continue. Afterward, if it remains a pattern, be more direct: “When you answer for me, it makes it harder for others to see me as the owner. Can we try a pattern where I respond first and you add strategic context?” You’re not challenging their status; you’re asking them to use it to grow yours."
197,"I want to start small-scale political maneuvers without turning into a cartoon villain. Where do I begin?","Start with information and framing, not schemes. Map who influences whom, who trusts whom, and which metrics or narratives actually move decisions. Then, practice one simple maneuver: pre-wiring. Before important discussions, share your perspective with 2–3 key people individually, ask for their input, and incorporate it. The meeting then becomes an affirmation and refinement of a position that already has quiet backing, not a live brawl. That’s politics at its most functional: aligning interests before conflict, not plotting in the shadows."
198,"My company keeps talking about ‘transparency’ but critical decisions are made in private. How do I operate effectively in this environment?","Assume the rhetoric will not change the behavior. Rather than railing against it, focus on surfacing just enough reality to make your work sane. Ask for clarity in terms of inputs you need: “To execute well, I need to know X, Y, Z. If you can’t share the full context, at least confirm which constraints are real.” Build your own informal intel network through peers in adjacent teams, and treat official comms as a partial narrative, not the full story. In such environments, people who can operate on incomplete information without drama become disproportionately valuable—and politically safer, because they don’t demand total honesty to function."
199,"I need to reshuffle responsibilities in my team and someone will clearly lose status. How do I handle this without creating a permanent enemy?","Tell the truth in a way that preserves their dignity and gives them a way to win in the new structure. Frame the change around business needs and their strengths: “The team needs X; your best leverage is in Y, so I’m shifting you there.” Acknowledge the status hit without pretending it isn’t one, and pair it with a concrete upside you can credibly support—skills, visibility in a different area, or reduced chaos. Then, back up that upside in future calibration: speak well of their contributions in the new lane. They may still resent the move, but they’ll also see that you didn’t strand them."
200,"I want my written comms (emails, docs, Slack) to project more power and authority. What should I change?","Reduce emotional qualifiers, increase structure, and tie everything to decisions or outcomes. Avoid hedging piles (“I feel like maybe we could…”) and switch to clear proposals (“I recommend we do X because Y; alternatives are A/B”). Use headings, bullets, and short summaries at the top so busy people can forward your messages without translation. When you disagree, do it in terms of trade-offs, not taste: “Option 1 optimizes speed; Option 2 optimizes reliability. Given what we said we care about, I favor Option 2.” Over time, people will learn that anything with your name on it is concise, decision-ready, and safe to align behind—that’s authority on paper."
